x,y,z,obj_name,shelf_section,category
-0.9594776323926967,0.9087868755044386,1.0190722433259274,cracker_box,top,food
-0.803816825527246,0.8392340310531975,0.14356506697340343,b_marbles,low,other
-1.0977797636496782,0.8030528086988334,0.5786546364385323,tomato_soup_can,mid,food
-0.805131026595605,0.8349089291245061,0.13974421091264266,b_marbles,low,other
-0.8021099454303706,0.8328726057094261,0.1409566838789209,plum,low,fruits
