x,y,z,obj_name,shelf_section,category
-1.020598654340233,0.7509085670889386,0.5628843092403729,tomato_soup_can,mid,food
-1.0574329386754084,0.8338852481992999,0.9987650460865196,peach,top,fruits
-0.8580479048486065,0.7717484919128009,0.1356511307955095,golf_ball,low,balls
-0.705802038417713,0.7705075484241626,0.5496188442889465,potted_meat_can,mid,food
-1.1097656575262242,0.7731133010924642,0.1311972680550153,golf_ball,low,balls
-0.7191014171199006,0.7896218138617123,1.0046904408747306,tennis_ball,top,balls
